Workbook

Sheet Inputs
A1: FX Forward Hedging Model
A3: Input | B3: Value
A4: Spot USD/MXN | B4: 17.2
A5: MXN Interest Rate | B5: 0.105
A6: USD Interest Rate | B6: 0.0525
A7: Tenor (Months) | B7: 3
A8: Time in Years | B8: =B7/12 -> 0.25
A9: USD Notional | B9: 100000
A11: Scenario Spot 1 | B11: 16.8
A12: Scenario Spot 2 | B12: 17.2
A13: Scenario Spot 3 | B13: 17.8
A14: Scenario Spot 4 | B14: 18.5

Sheet Forward Pricing
A1: Forward Pricing Summary
A3: Metric | B3: Value | D3: Forward vs Spot Interpretation
A4: Spot USD/MXN | B4: =Inputs!B4 -> 17.2 | D4: Forward above spot due to positive MXN-USD rate differential
A5: MXN Rate | B5: =Inputs!B5 -> 0.105
A6: USD Rate | B6: =Inputs!B6 -> 0.0525
A7: Time (Years) | B7: =Inputs!B8 -> 0.25
A8: Theoretical Forward | B8: =B4*((1+B5*B7)/(1+B6*B7)) -> 17.422825
A9: Forward Points | B9: =B8-B4 -> 0.22282542
A10: USD Notional | B10: =Inputs!B9 -> 100000
A11: Hedged MXN Cost | B11: =B8*B10 -> 1742282.5
A15: Key Takeaway | B15: Value
A16: Forward vs Spot | B16: Forward above spot
A17: Reason | B17: Positive MXN-USD interest rate differential
A18: Hedging Effect | B18: Locks in MXN cost and reduces FX uncertainty
A19: Best Case for Hedge | B19: Spot at maturity above forward
A20: Trade-off | B20: May look expensive ex post if spot ends below forward

Sheet Scenario Analysis
A1: FX Hedging Scenario Analysis
A3: Scenario | B3: Spot at Maturity | C3: Unhedged MXN Cost | D3: Hedged MXN Cost | E3: Difference (Hedged - Unhedged) | F3: Interpretation
A4: Scenario 1 | B4: =Inputs!B11 -> 16.8 | C4: =B4*Inputs!$B$9 -> 1680000 | D4: ='Forward Pricing'!B11 -> 1742282.5 | E4: =D4-C4 -> 62282.542 | F4: =IF(E4>0,"Hedge locked in a higher cost than realized spot","Hedge protected against adverse FX movement") -> Hedge locked in a higher cost than realized spot
A5: Scenario 2 | B5: =Inputs!B12 -> 17.2 | C5: =B5*Inputs!$B$9 -> 1720000 | D5: ='Forward Pricing'!B11 -> 1742282.5 | E5: =D5-C5 -> 22282.542 | F5: =IF(E5>0,"Hedge locked in a higher cost than realized spot","Hedge protected against adverse FX movement") -> Hedge locked in a higher cost than realized spot
A6: Scenario 3 | B6: =Inputs!B13 -> 17.8 | C6: =B6*Inputs!$B$9 -> 1780000 | D6: ='Forward Pricing'!B11 -> 1742282.5 | E6: =D6-C6 -> -37717.458 | F6: =IF(E6>0,"Hedge locked in a higher cost than realized spot","Hedge protected against adverse FX movement") -> Hedge protected against adverse FX movement
A7: Scenario 4 | B7: =Inputs!B14 -> 18.5 | C7: =B7*Inputs!$B$9 -> 1850000 | D7: ='Forward Pricing'!B11 -> 1742282.5 | E7: =D7-C7 -> -107717.46 | F7: =IF(E7>0,"Hedge locked in a higher cost than realized spot","Hedge protected against adverse FX movement") -> Hedge protected against adverse FX movement
A10: Spot at Maturity | B10: Unhedged MXN Cost | C10: Hedged MXN Cost
A11: 16.4 | B11: =A11*Inputs!$B$9 -> 1640000 | C11: ='Forward Pricing'!$B$11 -> 1742282.5
A12: 16.8 | B12: =A12*Inputs!$B$9 -> 1680000 | C12: ='Forward Pricing'!$B$11 -> 1742282.5
A13: 17 | B13: =A13*Inputs!$B$9 -> 1700000 | C13: ='Forward Pricing'!$B$11 -> 1742282.5
A14: 17.2 | B14: =A14*Inputs!$B$9 -> 1720000 | C14: ='Forward Pricing'!$B$11 -> 1742282.5
A15: 17.4 | B15: =A15*Inputs!$B$9 -> 1740000 | C15: ='Forward Pricing'!$B$11 -> 1742282.5
A16: 17.8 | B16: =A16*Inputs!$B$9 -> 1780000 | C16: ='Forward Pricing'!$B$11 -> 1742282.5
A17: 18.5 | B17: =A17*Inputs!$B$9 -> 1850000 | C17: ='Forward Pricing'!$B$11 -> 1742282.5
A18: 19 | B18: =A18*Inputs!$B$9 -> 1900000 | C18: ='Forward Pricing'!$B$11 -> 1742282.5
